datetime,topic,title,url,image_url,language,score
2020-03-08 13:00:27,home,Xbox Series X vs. Xbox One: Which Xbox is best for you?,https://www.tomsguide.com/face-off/xbox-series-x-vs-xbox-one,https://cdn.mos.cms.futurecdn.net/8pjRgqTr7NhG3umShmu8qB-1200-80.jpg,en,0.6369
2020-03-08 15:30:45,home,Liz Peek: Biden's VP pick more critical than Super Tuesday win - who can help him the most?,https://www.foxnews.com/opinion/liz-peek-fears-of-bidens-mental-state-make-vp-pick-critical-who-can-help-him-win,https://cf-images.us-east-1.prod.boltdns.net/v1/static/694940094001/99bd1db2-e87c-4a1f-a818-c6dd2abe3d53/f70aae8e-c5e5-4728-a69e-6e70f598c31a/1280x720/match/image.jpg,en,0.843
2020-03-09 10:40:00,home,Playing out Tom Brady's 2020 NFL free agency,https://www.espn.com/nfl/story/_/id/28844042/playing-tom-brady-2020-nfl-free-agency-four-offers-one-winner-60-million-guaranteed,https://a4.espncdn.com/combiner/i?img=%2Fphoto%2F2020%2F0305%2Fr675313_1296x729_16%2D9.jpg,en,0.6249
2020-03-09 12:16:00,home,Cory Booker endorses Biden: Former vice president will 'restore honor to the Oval Office',https://www.nbcnews.com/politics/2020-election/cory-booker-endorses-biden-former-vice-president-will-restore-honor-n1152976,https://media1.s-nbcnews.com/j/newscms/2020_11/3261536/200309-biden-booker-mn-0805_42b63bf56cff622cd07cffb08b520a77.nbcnews-fp-1200-630.jpg,en,0.7783
2020-03-04 13:36:00,home,Abortion rights had a surprisingly hopeful day in the Supreme Court,https://www.vox.com/2020/3/4/21164699/abortion-supreme-court-hopeful-june-medical-services-russo-chief-justice-roberts,https://cdn.vox-cdn.com/thumbor/zM0AnsPyC5WGshmP8mWr5gHGRNQ=/0x350:3000x1921/fit-in/1200x630/cdn.vox-cdn.com/uploads/chorus_asset/file/19767749/20200304_Vox_SCOTUS240.jpg,en,0.8442
2020-03-09 16:02:46,business,Coronavirus in N.Y.: Head of Port Authority Tests Positive,https://www.nytimes.com/2020/03/09/nyregion/port-authority-rick-cotton-coronavirus.html,https://static01.nyt.com/images/2020/03/09/nyregion/09nyvirus-portauthority1/09nyvirus-portauthority1-facebookJumbo.jpg,en,0.5994
2010-01-01 00:00:00,business,Major Tesla Investor Feels More 'Comfortable Now' After Musk Supervisors Appointed,https://www.benzinga.com/node/15504711,https://cdn1.benzinga.com/files/imagecache/og_image_social_share_1200x630/images/story/2012/screen_shot_2020-03-09_at_5.14.56_am.png,en,0.5563
2020-03-09 20:16:29,business,3 Ohioans test positive for coronavirus,https://www.dispatch.com/news/20200309/3-ohioans-test-positive-for-coronavirus,https://www.dispatch.com/storyimage/OH/20200309/NEWS/200308460/AR/0/AR-200308460.jpg,en,0.5574
2020-03-09 09:01:23,tech,Win a mystery bag from The Verge with hundreds of dollars‚Äô worth of free gadgets,https://www.theverge.com/2020/3/9/21167727/giveaway-tech-gadgets-mystery-bag-entry-rules-free-gear-twitter,https://cdn.vox-cdn.com/thumbor/SoUQglpoZRni8YoO4mqbuJNOMuI=/0x146:2040x1214/fit-in/1200x630/cdn.vox-cdn.com/uploads/chorus_asset/file/19770009/awhite_20200304_3926_0020.jpg,en,0.8402
2020-03-09 13:57:49,tech,The 5 best Amazon deals you can get this Monday,https://www.usatoday.com/story/tech/reviewedcom/2020/03/09/best-amazon-deals-get-ancestrydna-car-phone-mounts-and-more-low-prices/4998975002/,"https://www.gannett-cdn.com/presto/2020/03/09/USAT/3d06ec4e-1578-41e6-8f8f-f0e86073391e-amazon-monday-deal.jpg?crop=1991,1120,x0,y0&width=1600&height=800&fit=bounds",en,0.7096
2020-03-08 13:00:27,tech,Xbox Series X vs. Xbox One: Which Xbox is best for you?,https://www.tomsguide.com/face-off/xbox-series-x-vs-xbox-one,https://cdn.mos.cms.futurecdn.net/8pjRgqTr7NhG3umShmu8qB-1200-80.jpg,en,0.6369
2020-03-09 13:58:27,tech,You can win a Samsung Galaxy Z Flip*,https://www.zdnet.com/article/you-can-win-a-samsung-galaxy-z-flip/,https://zdnet1.cbsistatic.com/hub/i/r/2020/02/28/7ce2442b-24c5-4bd8-b17d-55eb2e72be9d/thumbnail/770x578/0b9022571cddcd32282b6c1fca9f32af/zdnet-fold-it-facebook.jpg,en,0.5859
2020-03-09 16:11:47,tech,"Monday's best deals: iOttie phone mounts, DJI Osmo Pocket, MacBook Air, and more",https://www.androidcentral.com/thrifter-deals-march-9-20,https://www.androidcentral.com/sites/androidcentral.com/files/styles/large/public/article_images/2019/09/iottie-itap-dashboard-phone-mount-main.jpg?itok=iZ94saiB,en,0.6369
2020-03-09 14:11:48,tech,iOS 14 will reportedly have improved mouse cursor support,https://www.theverge.com/2020/3/9/21171805/ipad-ios-14-improved-mouse-cursor-support-smart-keyboard,https://cdn.vox-cdn.com/thumbor/F-QuopxVRPDexhi826BDklh67pE=/0x146:2040x1214/fit-in/1200x630/cdn.vox-cdn.com/uploads/chorus_asset/file/16615192/DSC00725.jpg,en,0.7003
2020-03-09 21:18:40,tech,Best Alexa Speakers of 2020,https://www.digitaltrends.com/home/best-alexa-speakers/,https://icdn1.digitaltrends.com/image/digitaltrends/amazon-echo-dot-3rd-gen-clock-review-7-of-11-1200x630-c-ar1.91.jpg,en,0.6369
2020-03-09 15:38:44,tech,Overwatch League: Hero pools shatter the Season 3 meta,https://www.washingtonpost.com/video-games/esports/2020/03/09/its-hellish-owl-coaches-players-discuss-how-hero-pools-will-impact-season/,https://www.washingtonpost.com/resizer/u0oyjlFF41Gk-ac6sQWf1sApgW8=/1440x0/smart/arc-anglerfish-washpost-prod-washpost.s3.amazonaws.com/public/O2I4MPUZ7ZF7PHJQTGMGQDZBRQ.jpg,en,0.5574
2019-06-25 00:00:00,tech,Super Mario Maker 2 Heads Up $40 Switch Game Deals,https://www.ign.com/articles/super-mario-maker-2-heads-up-40-switch-game-deals,https://assets1.ignimgs.com/2019/06/25/mariomaker2-blogroll-1561499193448.jpg?width=1280,en,0.5994
2020-03-08 00:00:00,tech,New MacBook Pro Leaks Are Great Reasons To Not Buy Apple‚Äôs Laptop,https://www.forbes.com/sites/ewanspence/2020/03/08/apple-macbook-pro-new-leak-rumor-14-inch-keyboard-micro-led-display/,https://thumbor.forbes.com/thumbor/fit-in/1200x0/filters%3Aformat%28jpg%29/https%3A%2F%2Fspecials-images.forbesimg.com%2Fimageserve%2F5de44d6e755ebf0006fbe825%2F0x0.jpg,en,0.6249
2020-03-08 17:17:00,tech,Oppo Find X2 Pro hands-on: 120Hz screen and a superb 10X zoom camera,https://www.cnet.com/news/oppo-find-x2-pro-hands-on-120hz-screen-a-superb-10x-zoom-camera/,https://cnet1.cbsistatic.com/img/WtLQQjajs6pPwP7eCbmA5t3agxo=/756x567/2020/03/06/13bb9a76-895a-4978-814f-bd162c26025a/img-0825.jpg,en,0.6249
2020-03-09 17:21:29,tech,Apple says OK to clean iPhone with Clorox wipes,https://www.cnbc.com/2020/03/09/apple-says-you-can-clean-iphones-with-disinfectant-wipes-like-clorox.html,https://image.cnbcfm.com/api/v1/image/106132263-1568655848399screenshot2019-09-16at1.41.17pm.png?v=1568656116,en,0.6841
2020-03-08 19:38:18,tech,This is what the default Cyberpunk female protagonist now looks like and we love her already,https://www.gamesradar.com/this-is-what-the-default-cyberpunk-female-protagonist-now-looks-like-and-we-love-her-already/,https://cdn.mos.cms.futurecdn.net/WMqRzQwsmPDcG8QNgRech5-1200-80.jpeg,en,0.7717
2020-03-09 00:00:00,tech,"Intel Comet Lake-H Core i7-10750H and Core i5-10300H pay a visit to PassMark ‚Äî seem to offer nearly 40% and 17% gains over their predecessors, respectively",https://www.notebookcheck.net/Intel-Comet-Lake-H-Core-i7-10750H-and-Core-i5-10300H-pay-a-visit-to-PassMark-seem-to-offer-nearly-40-and-17-gains-over-their-predecessors-respectively.456296.0.html,https://www.notebookcheck.net/fileadmin/Notebooks/News/_nc3/intel_10th_gen_45w_H_series.jpg,en,0.5267
2020-03-09 10:58:14,tech,Spotify‚Äôs redesigned homepage makes your favorites easier to access,https://www.theverge.com/2020/3/9/21171474/spotify-homepage-redesign-ios-app-mobile-tablet,https://cdn.vox-cdn.com/thumbor/uQM3JR8vSdIqxtx0UX6lEZ-MdVY=/0x169:2365x1407/fit-in/1200x630/cdn.vox-cdn.com/uploads/chorus_asset/file/19779046/Screen_Shot_2020_03_09_at_9.11.45_AM.png,en,0.6808
2020-03-09 13:00:00,tech,6 Smart Home Gadgets That Are Actually Worth Owning,https://www.entrepreneur.com/slideshow/347253,https://assets.entrepreneur.com/content/3x2/2000/20200306172925-941066faf4401a3ceaeba30d25c99031400f0488.jpeg,en,0.5574
2020-03-09 12:22:34,tech,Pok√©mon Mystery Dungeon‚Äôs Ekans is amazing,https://www.polygon.com/2020/3/9/21171608/pokemon-mystery-dungeon-rescue-team-dx-ekans-animation-nintendo-switch,https://cdn.vox-cdn.com/thumbor/E9IVnFwDZTQm6Nnqt32NyYIpABs=/0x0:1800x942/fit-in/1200x630/cdn.vox-cdn.com/uploads/chorus_asset/file/19779227/pokemon.jpg,en,0.5859
2020-03-09 00:00:00,tech,2020 Porsche 911 Carrera review: why the cheapest version is the best,https://www.telegraph.co.uk/cars/porsche/2020-porsche-911-carrera-review-cheapest-version-best/,https://www.telegraph.co.uk/cars/images/2020/03/09/2020-Porsche-911-Carrera-F34-main-xlarge_trans_NvBQzQNjv4BqJVmNeE_b5SjILZ_4CYQB7jsKhyX0qzZwOf8f1xczVAM.jpg?imwidth=1200,en,0.6369
2020-03-09 13:49:00,tech,Best Buy discounts the entry MacBook Air to its best price yet,https://www.engadget.com/2020/03/09/macbook-air-sale-best-buy/,https://o.aolcdn.com/images/dims?resize=1200%2C630&crop=1200%2C630%2C0%2C0&quality=80&image_uri=https%3A%2F%2Fo.aolcdn.com%2Fimages%2Fdims%3Fresize%3D2000%252C2000%252Cshrink%26image_uri%3Dhttps%253A%252F%252Fs.yimg.com%252Fos%252Fcreatr-uploaded-images%252F2018-11%252Fef099240-e43d-11e8-b5f7-15189be4f523%26client%3Da1acac3e1b3290917d92%26signature%3Dc37284b4457071f434ab9a870290287c3a1ce7a0&client=amp-blogside-v2&signature=294d923df82942ae32c9df88cb88037a235e075e,en,0.8555
2020-03-09 16:57:00,tech,"Yes, You CAN Clean Your iPhone With Disinfecting Wipes",https://www.wsj.com/articles/yes-you-can-clean-your-iphone-with-disinfecting-wipes-11583771102,https://images.wsj.net/im-162240/social,en,0.6597
2020-03-04 16:23:24,tech,Galaxy Note 9 secures March 2020 security patch in Germany,https://www.sammobile.com/news/galaxy-note-9-march-2020-security-patch-germany/,https://www.sammobile.com/wp-content/uploads/2019/12/galaxy-note-9-android-10-2-720x405.jpg,en,0.5719
2020-03-09 15:09:32,tech,Nintendo celebrates Mario Day with $20 off Switch games,https://www.polygon.com/deals/2020/3/9/21171664/mario-day-sales-nintendo-switch-amazon-walmart-target-gamestop-best-buy,https://cdn.vox-cdn.com/thumbor/0L-jdtgwQ1zrprm82u2HFkHA10o=/0x38:1920x1043/fit-in/1200x630/cdn.vox-cdn.com/uploads/chorus_asset/file/13202611/Sw_SuperMarioParty_090618_PressKit_SCRN_01_bmp_jpgcopy.jpg,en,0.5719
2020-03-08 19:16:21,tech,Mar10 Day is being celebrated this week with discounted Switch titles,https://www.nintendoenthusiast.com/mar10-day-discounted-switch-titles-mario-sales/,https://www.nintendoenthusiast.com/wp-content/uploads/2020/03/C4AA771C-D6CF-4CC0-967B-695B46D531C3.jpeg,en,0.5994
2020-03-08 19:38:00,tech,What Overwatch League pros think of the first week of hero pools,https://www.espn.com/esports/story/_/id/28866190/what-overwatch-league-pros-think-first-week-hero-pools,https://a.espncdn.com/combiner/i?img=%2Fphoto%2F2019%2F0814%2Fr583520_1296x729_16%2D9.jpg,en,0.5574
2020-03-09 17:09:40,tech,"Galaxy S20 price cut at Best Buy: save up to $850 on the S20, S20 Plus, and S20 Ultra",https://www.techradar.com/news/galaxy-s20-price-cut-at-best-buy-save-up-to-dollar850-on-the-s20-s20-plus-and-s20-ultra,https://cdn.mos.cms.futurecdn.net/Teg4AthbuSWMbPZFBwFArD-1200-80.jpg,en,0.743
2020-03-09 11:53:00,tech,Spotify's new home screen helps you get back to favorites,https://www.engadget.com/2020/03/09/spotify-mobile-home-screen-redesign/,https://o.aolcdn.com/images/dims?resize=1200%2C630&crop=1200%2C630%2C0%2C0&quality=80&image_uri=https%3A%2F%2Fo.aolcdn.com%2Fimages%2Fdims%3Fcrop%3D1600%252C1067%252C0%252C0%26quality%3D85%26format%3Djpg%26resize%3D1600%252C1067%26image_uri%3Dhttps%253A%252F%252Fs.yimg.com%252Fos%252Fcreatr-uploaded-images%252F2020-03%252F3d9048d0-6216-11ea-afed-076a78d5c7d9%26client%3Da1acac3e1b3290917d92%26signature%3De4748dd0a4635319b17b32efd56825b86ef774f3&client=amp-blogside-v2&signature=1e75ceb971cb7d8bc00ac76defe6549a975fdd0c,en,0.6597
2020-03-09 12:53:25,tech,Super Bernie World is a Mario Bros. Clone that Features Bernie Sanders,https://www.dualshockers.com/super-bernie-world-mario-bros-bernie-sanders/,https://cdn3.dualshockers.com/wp-content/uploads/2020/03/Super-Bernie-World.png,en,0.5994
2020-03-09 15:45:00,tech,Apple may expand mouse support with iPadOS 14,https://www.engadget.com/2020/03/09/apple-ios-14-mouse-support-ipad/,https://o.aolcdn.com/images/dims?resize=1200%2C630&crop=1200%2C630%2C0%2C0&quality=80&image_uri=https%3A%2F%2Fo.aolcdn.com%2Fimages%2Fdims%3Fcrop%3D1600%252C999%252C0%252C67%26quality%3D85%26format%3Djpg%26resize%3D1600%252C999%26image_uri%3Dhttps%253A%252F%252Fs.yimg.com%252Fos%252Fcreatr-uploaded-images%252F2020-03%252F525e31e0-604b-11ea-94c0-04c04f4aefd0%26client%3Da1acac3e1b3290917d92%26signature%3D869e7fa786f0fd2d7e5187edbe7631b4cd7c98f1&client=amp-blogside-v2&signature=8c056d335072ace45d01afcc730f6653f317d609,en,0.6124
2020-03-09 11:49:29,entertainment,"Best Friends for 17 Years, then they Find Out they're Actually Sisters! ü§Ø",https://www.bellanaija.com/2020/03/ashley-thomas-toya-wimberly/,https://www.bellanaija.com/wp-content/uploads/2020/03/maxresdefault-12-1000x600.jpg,en,0.8221
2020-03-09 07:52:00,entertainment,"Best friends for 17 years, two women find out they're sisters",https://www.wrcbtv.com/story/41869608/best-friends-for-17-years-two-women-find-out-theyre-sisters,https://WRCB.images.worldnow.com/images/19245997_G.jpeg?lastEditedDate=1583740224000,en,0.8074
2020-03-08 17:24:31,entertainment,‚ÄòSaturday Night Live‚Äô Review: The Best Moments of Daniel Craig‚Äôs Second Time as Host,https://www.yahoo.com/entertainment/saturday-night-live-review-best-172431019.html,https://s.yimg.com/uu/api/res/1.2/0r7rgUvjjGuVjRe5YB87bw--~B/aD0yMDAyO3c9MzAwMDtzbT0xO2FwcGlkPXl0YWNoeW9u/https://media.zenfs.com/en-US/indiewire_268/f645317d7ffe429b2d0e05c111697068,en,0.6369
2020-03-09 16:28:02,entertainment,Led Zeppelin wins 'Stairway to Heaven' copyright case,https://www.yahoo.com/entertainment/led-zeppelin-prevails-appeal-over-162802174.html,https://s.yimg.com/uu/api/res/1.2/lVWOOTsqAzjzOX752j.ZgQ--~B/aD01MjA7dz04MDA7c209MTthcHBpZD15dGFjaHlvbg--/https://media.zenfs.com/en-US/reuters.com/5cedf5ca6840f51138ba762ea599ed96,en,0.7906
2020-03-09 00:00:00,entertainment,Best friends find out they're actually sisters,https://www.pix11.com/news/national-news/best-friends-find-out-theyre-actually-sisters,https://ewscripps.brightspotcdn.com/dims4/default/f75a147/2147483647/strip/true/crop/607x319+0+11/resize/1200x630!/quality/90/?url=https%3A%2F%2Fewscripps.brightspotcdn.com%2F0e%2Fdb%2Fe37af6ec4ed0b5eef996b9ef467b%2Fscreen-shot-2020-03-09-at-12.28.45%20PM.png,en,0.8074
2020-03-09 10:22:41,entertainment,"Despite SXSW cancellation, ‚Äòunofficial‚Äô and ‚Äòalternative‚Äô events look to gain momentum",https://www.kxan.com/news/local/austin/despite-sxsw-cancellation-unofficial-and-alternative-events-look-to-gain-momentum/,https://www.kxan.com/wp-content/uploads/sites/40/2020/03/P-unofficial-southby.jpg?w=1280&h=720&crop=1,en,0.5267
2020-03-09 13:34:57,entertainment,Blue Ivy Carter Wore a Great Outfit With Dad Jay-Z at a LA NBA Game,https://www.elle.com/culture/celebrities/a31279939/blue-ivy-carter-outfit-lakers-game-march-2020/,"https://hips.hearstapps.com/hmg-prod.s3.amazonaws.com/images/blue-ivy-carter-attends-a-basketball-game-between-the-los-news-photo-1583759168.jpg?crop=1.00xw:0.335xh;0,0.0420xh&resize=1200:*",en,0.6249
2020-03-09 17:28:00,entertainment,Led Zeppelin wins 'Stairway to Heaven' copyright dispute,https://www.nbcnews.com/pop-culture/pop-culture-news/led-zeppelin-wins-stairway-heaven-copyright-dispute-n1153381,https://media1.s-nbcnews.com/j/newscms/2019_33/2974396/190816-led-zeppelin-mn-1130_af19affb5326b337be3b41f0b977fe4a.nbcnews-fp-1200-630.jpg,en,0.6486
2020-03-09 00:35:54,entertainment,Staff worker at Disneyland Paris tests positive for virus,https://www.cnbc.com/2020/03/09/coronavirus-latest-updates-china-skorea-impact-on-markets-and-economy.html,https://image.cnbcfm.com/api/v1/image/106431900-1583749404613gettyimages-1205669272.jpeg?v=1583749463,en,0.5574
2020-03-09 11:48:26,entertainment,Selena honored on Star Trail of Fame at Houston Livestock Show and Rodeo,https://www.kxan.com/news/texas/selena-honored-on-star-trail-of-fame-at-houston-livestock-show-and-rodeo/,https://www.kxan.com/wp-content/uploads/sites/40/2020/03/Selena.jpg?w=1280&h=720&crop=1,en,0.7717
2020-03-09 19:08:07,entertainment,"Strip Clubs Giving Away Free Masks, Hand Sanitizer Due to Coronavirus",https://www.tmz.com/2020/03/09/strip-clubs-giving-away-free-masks-hand-sanitizer-coronavirus/,https://imagez.tmz.com/image/8d/16by9/2020/03/09/8d004e9fb74e418d87a9baa00fc9814d_xl.jpg,en,0.836
2020-03-08 19:19:53,entertainment,Piers Morgan shares rare photo of daughter to mark very special occasion,https://www.hellomagazine.com/celebrities/2020030885966/piers-morgan-rare-photo-daughter-special-reason/,https://www.hellomagazine.com/imagenes/celebrities/2020030885966/piers-morgan-rare-photo-daughter-special-reason/0-413-270/piers-morgan-close-up-t.jpg,en,0.6361
2020-03-08 21:59:41,entertainment,SNL Pokes Fun At Daniel Craig‚Äôs Knives Out Southern Accent,https://www.vulture.com/2020/03/snl-pokes-fun-at-daniel-craigs-knives-out-southern-accent.html,https://pixel.nymag.com/imgs/daily/vulture/2019/12/13/8-Daniel-Craig-SNL-Knives-Out.w1200.h630.jpg,en,0.5106
2020-03-09 04:00:00,entertainment,"Today's Super Full 'Worm' Moon In Virgo Love Horoscopes + Tarot Card Readings For All Zodiac Signs On Monday, March 9, 2020",https://www.yourtango.com/2020332135/super-full-moon-virgo-horoscopes-free-daily-love-tarot-card-readings-each-zodiac-sign-march-9-2020-according-astrology,https://www.yourtango.com/sites/default/files/styles/listing_big/public/image_blog/monday-love-tarot-super-moon-virgo-march-9.jpg?itok=qqJZ9OkX,en,0.8442
2020-03-09 17:33:20,entertainment,"Led Zeppelin did not steal Stairway To Heaven riff, appeals court rules",https://www.bbc.com/news/entertainment-arts-51805905,https://ichef.bbci.co.uk/news/1024/branded_news/5B67/production/_111199332_ledzepget2.jpg,en,0.7121
2020-03-09 12:05:18,entertainment,Selena Gomez Confesses 'People May Not Think I'm the Greatest Singer' on 'The Kelly Clarkson Show',https://www.billboard.com/articles/columns/pop/9330570/selena-gomez-kelly-clarkson-show-interview,https://static.billboard.com/files/2020/03/selena-gomez-kelly-clarkson-2020-billboard-1548-1583764584-1024x677.jpg,,0.6369
2020-03-09 16:21:21,sport,Oregon Ducks men‚Äôs basketball idle in polls after winning Pac-12 regular season title,https://www.oregonlive.com/ducks/2020/03/oregon-ducks-mens-basketball-idle-in-polls-after-winning-pac-12-regular-season-title.html,https://www.oregonlive.com/resizer/ZB-wqIi7hRHTVXim0zjfPGwsjXQ=/1280x0/smart/arc-anglerfish-arc2-prod-advancelocal.s3.amazonaws.com/public/4YECLWAOJNGQLA2EJMGLRY2H4Y.JPG,en,0.5267
2020-03-09 11:51:20,sport,"Jakob Glesnes free kick, Sergio Santos, Brenden Aaronson goals in Union 3-3 tie at LAFC",https://www.inquirer.com/soccer/jakob-glesnes-goal-lafc-philadelphia-union-sergio-santos-brenden-aaronson-20200309.html,https://www.inquirer.com/resizer/ZQnTTKjJ2f6Y_WjZKD6dM6RLSIs=/1200x0/center/middle/www.inquirer.com/resizer/xDTxHNs0bDBLMH-c6l1rsNKm7-8=/1200x0/center/middle/arc-anglerfish-arc2-prod-pmn.s3.amazonaws.com/public/VCZWPKTKNBCYFJ7DBZEI3IQOXE.jpg,en,0.5106
2020-03-09 07:19:54,sport,Joey Logano holds off Kevin Harvick for Phoenix NASCAR Cup win,https://www.foxnews.com/auto/joey-logano-kevin-harvick-phoenix-nascar-cup,https://static.foxnews.com/foxnews.com/content/uploads/2020/03/LP2.jpg,en,0.5859
2020-03-08 00:00:00,sport,"VIDEO: Van Horn, players recap Arkansas' 5-3 walk-off win",https://www.wholehogsports.com/news/2020/mar/08/video-van-horn-players-recap-arkansas-5-3-walk-win/,https://media.arkansasonline.com/img/photos/2020/03/08/Hogs7_3-9_02.jpg,en,0.5859
2020-03-08 03:18:11,sport,Houston Roughnecks remain undefeated after win against Seattle Dragons,https://www.click2houston.com/sports/2020/03/08/houston-roughnecks-remain-undefeated-after-win-against-seattle-dragons/,https://www.click2houston.com/resizer/h9mG-LqVcSy9HLrFUodk7cJI0DA=/1600x1064/smart/filters:format(jpeg):strip_exif(true):strip_icc(true):no_upscale(true):quality(65)/arc-anglerfish-arc2-prod-gmg.s3.amazonaws.com/public/EPMP6WK4WFH65FPHOG6WQQIB7E.jpg,en,0.5859
2020-03-09 09:28:09,sport,Florida State basketball players named to All-ACC honors,https://www.tomahawknation.com/2020/3/9/21171381/florida-state-basketball-players-named-to-all-acc-honors,https://cdn.vox-cdn.com/thumbor/_d9RO9cppQRQambqlzVP2aQ-r-g=/0x0:1862x975/fit-in/1200x630/cdn.vox-cdn.com/uploads/chorus_asset/file/19778907/usa_today_14116774.jpg,en,0.5106
2020-03-09 03:38:31,sport,Knicks ugly win also contained rays of beauty,https://www.si.com/nba/knicks/news/knicks-ugly-win-pistons,https://images.saymedia-content.com/.image/MTcxMDAzNjgyNjU2MTAxNTQy/img_0820.jpg,en,0.6486
2020-03-09 02:48:07,sport,Saints Fans would love the XFL Fan Experience,https://www.si.com/nfl/saints/editorial-opinion/saints-fans-xfl-fan-experience,https://images.saymedia-content.com/.image/MTcxMDAyNzA3Njk4NTI1MzUw/james-butler-td-for-roughnecks.jpg,en,0.7579
2020-03-09 10:40:00,sport,Playing out Tom Brady's 2020 NFL free agency,https://www.espn.com/nfl/story/_/id/28844042/playing-tom-brady-2020-nfl-free-agency-four-offers-one-winner-60-million-guaranteed,https://a4.espncdn.com/combiner/i?img=%2Fphoto%2F2020%2F0305%2Fr675313_1296x729_16%2D9.jpg,en,0.6249
2020-03-09 08:00:00,sport,The best way to replace Aaron Judge in the Yankees‚Äô lineup,https://www.pinstripealley.com/2020/3/9/21170355/yankees-fanpost-friday-prompt-aaron-judge-injury-lineup,https://cdn.vox-cdn.com/thumbor/d0vvK3C1SRXhST65DW3LErggboY=/0x0:4744x2484/fit-in/1200x630/cdn.vox-cdn.com/uploads/chorus_asset/file/19738668/usa_today_14074880.jpg,en,0.6369
2020-03-09 09:05:57,sport,"How good were the 2012 Penn State ‚ÄúIron Lions‚Äù? Analytics say, a lot better than they‚Äôre credited",https://www.pennlive.com/pennstatefootball/2020/03/how-good-were-the-2012-penn-state-iron-lions-analytics-say-a-lot-better-than-theyre-credited.html,https://www.pennlive.com/resizer/TfFd8ZSxbxnv9Grf04D3I5yQfSI=/1280x0/smart/arc-anglerfish-arc2-prod-advancelocal.s3.amazonaws.com/public/7NTP7IO56ZCWHOFTTYTF6VQNOU.png,en,0.8074
2020-03-09 08:00:00,sport,Will Raiders lock up any players prior to free agency?,https://www.silverandblackpride.com/2020/3/9/21170692/raiders-free-agency,https://cdn.vox-cdn.com/thumbor/RFFjQQlh1SzvzrKQ0lIqN9Ak67s=/0x0:3600x1885/fit-in/1200x630/cdn.vox-cdn.com/uploads/chorus_asset/file/19777559/1186229911.jpg.jpg,en,0.5106
2020-03-09 13:53:51,sport,Trainer of DQ'd Kentucky Derby winner Maximum Security among 27 accused of doping horses,https://www.foxnews.com/sports/trainer-of-dqd-kentucky-derby-winner-maximum-security-accused-of-doping-horses-along-with-others,https://static.foxnews.com/foxnews.com/content/uploads/2020/03/Jason-Servis-Getty.jpg,en,0.6124
2018-06-07 00:00:00,sport,"Oliver Luck, XFL commissioner, contributes cup to Defenders fans' beer snake",https://www.cbssports.com/xfl/news/oliver-luck-xfl-commissioner-contributes-cup-to-defenders-fans-beer-snake/,https://sportshub.cbsistatic.com/i/r/2018/06/07/b879729f-1fe3-47b5-ada4-a649f2028aba/thumbnail/1200x675/2be29b74c7cb45150705c24773b5f44a/oliver-luck-ncaa-xfl.jpg,en,0.5106
2020-03-09 09:00:00,sport,Who is the one free agent you want the Bears to sign?,https://www.windycitygridiron.com/2020/3/9/21168137/nfl-free-agent-chicago-bears-sign-agency-bridgewater-tony-jefferson-austin-hooper-darren-fells,https://cdn.vox-cdn.com/thumbor/TQYmj0A5iUOyRYhK5RrINbAo-HA=/0x159:4376x2450/fit-in/1200x630/cdn.vox-cdn.com/uploads/chorus_asset/file/19774765/1183793835.jpg.jpg,en,0.5574
2020-03-09 02:44:49,sport,Cleveland Cavaliers match last season‚Äôs win total with 132-129 overtime victory against San Antonio Spurs,https://www.cleveland.com/cavs/2020/03/cleveland-cavaliers-match-last-seasons-win-total-with-132-129-overtime-victory-against-san-antonio-spurs.html,https://www.cleveland.com/resizer/5KVoMn0H86VekwOU8euZuFDSeMs=/1280x0/smart/arc-anglerfish-arc2-prod-advancelocal.s3.amazonaws.com/public/46KBA5UQ6BAKTF44OM3MX5MBNU.JPG,en,0.5859
2020-03-09 00:00:00,health,Avon schools on e-learning day Monday after student tested positive for COVID-19,https://www.wthr.com/article/avon-schools-e-learning-day-monday-after-elementary-student-tested-positive-coronavirus,https://www.wthr.com/sites/default/files/styles/article_image/public/2020/03/09/education_hickory_elementary_school_daytime_wthr_rich_van_wyk_web.jpg?itok=LOQfw9ww,en,0.5574
2020-03-08 20:32:06,health,FDA approves Northwell Health Labs in Lake Success for COVID-19 tests,https://www.newsday.com/news/health/coronavirus-tests-northwell-health-labs-1.42631948,https://cdn.newsday.com/polopoly_fs/1.42631949.1583717597!/httpImage/image.jpg_gen/derivatives/landscape_1280/image.jpg,en,0.7506
2020-03-08 22:58:43,health,Coronavirus case in Rockingham County one of 2 more in NH,https://www.fosters.com/news/20200308/coronavirus-case-in-rockingham-county-one-of-2-more-in-nh,https://www.fosters.com/storyimage/FD/20200308/NEWS/200309660/AR/0/AR-200309660.jpg,en,0.6383
2020-03-09 00:00:00,health,Biogen Issues Work-from-Home Order Following More Positive COVID-19 Tests,https://www.biospace.com/article/more-biogen-employees-test-positive-for-coronavirus-company-issues-remote-work-order/,https://www.biospace.com/getasset/98807dc1-de75-4ff9-ab07-7252ee244c84/;w=625;h=350,en,0.5984
2020-03-08 11:55:00,health,"Town of Rochester man tests positive for coronavirus, is recovering, Ulster County executive says",https://www.dailyfreeman.com/news/local-news/town-of-rochester-man-tests-positive-for-coronavirus-is-recovering/article_01a10ec6-6154-11ea-a0d2-df2695a8720d.html,https://bloximages.chicago2.vip.townnews.com/dailyfreeman.com/content/tncms/assets/v3/editorial/5/be/5be4a59e-6179-11ea-9167-c725637930a9/5e65528cd1af9.image.jpg?crop=1387%2C782%2C53%2C3&resize=1117%2C630&order=crop%2Cresize,en,0.5574
2020-03-09 13:29:11,health,Indiana elementary school closed for 2 weeks after student tests positive for coronavirus,https://www.wavy.com/news/health/coronavirus/indiana-elementary-school-closed-for-2-weeks-after-student-tests-positive-for-coronavirus/,https://www.wavy.com/wp-content/uploads/sites/3/2020/03/Coronavirus-COVID-19-AP_GB.jpg?w=1280&h=720&crop=1,en,0.5574
2020-03-08 16:54:00,health,Hillsboro middle school student tests positive for COVID-19; district not closing school,https://www.kptv.com/news/hillsboro-middle-school-student-tests-positive-for-covid--district/article_29350e3a-6198-11ea-ae6f-77377d294650.html,https://bloximages.newyork1.vip.townnews.com/kptv.com/content/tncms/assets/v3/editorial/8/86/8860ea54-61c6-11ea-a1e0-97cef3cfce4a/5e65d39b45256.image.jpg?resize=1120%2C630,en,0.5574
2020-03-09 12:02:56,health,"Collin County Man Tests 'Presumptive Positive' for Coronavirus, Health Officials Confirm",https://www.nbcdfw.com/news/coronavirus/collin-county-man-tests-presumptive-positive-for-coronavirus-officials/2327049/,https://media.nbcdfw.com/2019/09/TLMD-coronavirus-CDC.jpg?resize=850%2C478,en,0.5574
2020-03-09 08:28:00,health,Indiana coronavirus case closes school district for 1 month; 4th person tests positive,https://www.nwitimes.com/news/local/govt-and-politics/indiana-coronavirus-case-closes-school-district-for-month-th-person/article_223d25c9-3ec7-52c8-aba5-4335c984cee6.html,https://bloximages.chicago2.vip.townnews.com/nwitimes.com/content/tncms/assets/v3/editorial/f/45/f45b02f6-272c-5883-9783-fed3c68578c3/5e33277780291.image.jpg?crop=1900%2C1069%2C18%2C0&resize=1120%2C630&order=crop%2Cresize,en,0.5574
2020-03-07 10:29:58,health,"5 confirmed cases of coronavirus, 6 presumptive positive tests in Georgia",https://www.fox5atlanta.com/news/5-confirmed-cases-of-coronavirus-confirmed-two-presumptive-postive-tests-in-georgia,https://images.foxtv.com/static.fox5atlanta.com/www.fox5atlanta.com/content/uploads/2020/03/724/407/covid-19.jpg?ve=1&tl=1,en,0.5574
2020-03-09 20:54:52,health,'Student and staff safety is our top priority': Frisco ISD issues statement after resident tests 'presumptive positive' for COVID-19,https://www.wfaa.com/article/news/health/coronavirus/frisco-isd-issues-statement-after-resident-tests-presumptive-positive-for-covid-19/287-e43c152d-50c3-4430-b917-900cafb037ad,https://media.wfaa.com/assets/WFAA/images/defe743a-eacf-469b-bd63-14bad396b160/defe743a-eacf-469b-bd63-14bad396b160_1140x641.jpg,en,0.802
2020-03-08 14:30:00,health,Department of Health reporting one positive case of COVID-19 in Spokane County,https://www.khq.com/coronavirus/department-of-health-reporting-one-positive-case-of-covid-/article_147ae76c-6184-11ea-bf5a-0f40d066dbcd.html,https://bloximages.newyork1.vip.townnews.com/khq.com/content/tncms/assets/v3/editorial/7/7c/77c92696-5caf-11ea-9841-2fd3f9b26905/5e5d496497b20.image.jpg?crop=480%2C360%2C80%2C0&resize=480%2C360&order=crop%2Cresize,en,0.5574
2020-03-08 13:02:45,health,Wilton Man Marks First Presumptive Positive Case of Coronavirus in Conn.,https://www.nbcconnecticut.com/news/local/wilton-man-marks-first-presumptive-positive-case-of-coronavirus-in-conn/2234798/,https://media.nbcconnecticut.com/2019/09/danbury-hospital-1.jpg?resize=1200%2C675,en,0.5574
2020-03-08 17:10:00,health,Two more 'presumptive positive' cases of coronavirus COVID-19 confirmed in New Jersey,https://www.pressofatlanticcity.com/news/local/two-more-presumptive-positive-cases-of-coronavirus-covid--confirmed/article_5dc51b28-856e-582e-9b3a-857e70ddd781.html,https://bloximages.chicago2.vip.townnews.com/pressofatlanticcity.com/content/tncms/assets/v3/editorial/d/bc/dbc84c70-3d3c-5303-b8aa-cd0f49e386e7/5e5d73da37440.image.jpg?crop=823%2C463%2C8%2C0&resize=823%2C463&order=crop%2Cresize,en,0.5965
